Booth Number	Exhibitor	Power	Network	Exhibitor Type 	Notes
101				DONT USE	
103				DONT USE	
105				DONT USE	
111				DONT USE	
113				DONT USE	
115				DONT USE	
117				DONT USE	
119				DONT USE	
127				DONT USE	
129				DONT USE	
131				DONT USE	
200				DONT USE	
202				DONT USE	
204				DONT USE	
210				DONT USE	
212				DONT USE	
214				DONT USE	
216				DONT USE	
218				DONT USE	
226				DONT USE	
228				DONT USE	
230				DONT USE	
201	PennyMac			sponsor	
203	Big Data LA			dotorg	
205	MariaDB			sponsor	
211	WaveFront			sponsor	
213	Inkscape			dotorg	
215	GUMGUM			sponsor	
217	Hackaday			dotorg	
219	ScyllaDB			sponsor	
227	Gobot CylonJS Artoo			dotorg	
229	Uncoded			dotorg	
231				EMPTY	
300	VictorOps			sponsor	
302	BeagleBoard			dotorg	
304	Linbit			sponsor	
310	Oath			sponsor	
312	VDMS			sponsor	
314	FluentD			dotorg	
316	Linux Foundation			dotorg	
318	Redis			Sponsor	
326	USENIX			dotorg	
328				EMPTY	
330	DC Darknet			sponsor	
301	Datadog			sponsor	
303	Ubuntu			dotorg	
305	Chef			sponsor	
311	PSSC Labs			sponsor	
313	GNU Health			dotorg	
315	CNCF			sponsor	
317	CNCF			sponsor	
319	Twistlock			sponsor	
327	ShellCon			dotorg	
329	Conservancy			dotorg	
331	LOT Network			dotorg	
400	Datadog			sponsor	
402	Fedora			dotorg	
404	Everbridge			sponsor	
410	Pivotal			sponsor	
412	Red Hat			sponsor	
414	HubbleStack			dotorg	
416	NetApp			sponsor	
418	Symantec			sponsor	
426	Open Tech Initiative			dotorg	
428				EMPTY	
430				EMPTY	
401	Private Internet / Linux Journal Lounge			sponsor	
403	Private Internet / Linux Journal Lounge			sponsor	
405	Private Internet / Linux Journal Lounge			sponsor	
411	OpsGenie			sponsor	
413	Mozilla			dotorg	
415	Think Penguin			sponsor	
417	LinuxChix			dotorg	
419	LOPSA			dotorg	
427	HubbleStack			dotorg	
429				EMPTY	
431				EMPTY	
500	Private Internet / Linux Journal Lounge			sponsor	
502	Private Internet / Linux Journal Lounge			sponsor	
504	Private Internet / Linux Journal Lounge			sponsor	
510	OpsGenie			sponsor	
512	OpenSUSE			dotorg	
514	KDE			dotorg	
516	GNOME			dotorg	
518	Linode			sponsor	
526	SaltStack			sponsor	
528	Massage Booth			dotorg	
530				EMPTY	
501	Facebook			sponsor	
503	VideoLan			dotorg	
505	SENSU			sponsor	
511	Microway			sponsor	
513	Microsoft			sponsor	
515	Microsoft			sponsor	
517	Microsoft			sponsor	
519	Microsoft			sponsor	
527	Bouyant			sponsor	
529	World Mentoring Academy			dotorg	
531				EMPTY	
600	Facebook			sponsor	
602	LPI			dotorg	
604	Linux Academy			sponsor	
610	System76			sponsor	
612				EMPTY	
614	ixSystems			sponsor	
616	FreeBSD			dotorg	
618	PostgreSQL			dotorg	
626	Sonatype			sponsor	
628	Javascript			dotorg	
630				EMPTY	
601				EMPTY	
603	FSF			dotorg	
605	Yubico			sponsor	
611	Disney			sponsor	
613	Pogo Linux			sponsor	
615	EFF			dotorg	
617	Oracle			sponsor	
619	Oracle			sponsor	
627	Open Source Initiative			dotorg	
629	OWASP			dotorg	
631	ISSA			dotorg	
700	Diamanti			sponsor	
702	Debian			dotorg	
704	Percona			sponsor	
710	Disney			sponsor	
712	Blackduck			sponsor	
714	DTK			sponsor	
716				EMPTY	
718	Stratalux			sponsor	
726	No Starch Press			sponsor	
728				EMPTY	
730				EMPTY	
701	SGVHAK			dotorg	
703	Gentoo			dotorg	
705	Zabbix			sponsor	
707	Python			dotorg	
709	SMCI			sponsor	
711	CloudLinux			sponsor	
713	All Things Open			sponsor	
715	Jenkins			dotorg	
717	TimescaleDB			sponsor	
719	AREDN			dotorg	
721	QNAP			dotorg	
723	SWIFT			dotorg	
725	SAVE FOR LAST			EMPTY	
727	SAVE FOR LAST			EMPTY	
729	SAVE FOR LAST			EMPTY	
731	SAVE FOR LAST			EMPTY	